No,Category,Guideline,Description,Do,Don't,Code Good,Code Bad,Severity,Docs URL
1,Composables,Use @Composable functions,Functions annotated with @Composable,@Composable functions for UI,Class-based UI components,@Composable fun MyScreen() { },class MyScreen : Fragment,High,https://developer.android.com/jetpack/compose/mental-model
2,Composables,Keep composables small,Single responsibility principle,Split into smaller composables,Large monolithic composables,Extract HeaderContent() FooterContent(),500+ line composable function,Medium,
3,Composables,Use preview annotations,Preview composables in Android Studio,@Preview for development,No previews for components,@Preview @Composable fun PreviewCard(),No preview annotations,Low,https://developer.android.com/jetpack/compose/tooling/previews
4,Composables,Prefer stateless composables,Hoist state to callers when possible,Stateless composables with parameters,State inside reusable composables,fun MyButton(onClick: () -> Unit),var state inside reusable component,Medium,
5,State,Use remember for state,remember preserves state across recomposition,remember for composable state,Variables without remember,var count by remember { mutableStateOf(0) },var count = 0,High,https://developer.android.com/jetpack/compose/state
6,State,Use rememberSaveable for survival,Survive configuration changes,rememberSaveable for user input,remember for text field state,var text by rememberSaveable { mutableStateOf("") },var text by remember { mutableStateOf("") },High,https://developer.android.com/jetpack/compose/state#restore-ui-state
7,State,Use derivedStateOf for calculations,Avoid unnecessary recomposition,derivedStateOf for computed values,Recalculate on every recomposition,val filtered by remember { derivedStateOf { items.filter { it.active } } },val filtered = items.filter { it.active },Medium,
8,State,Hoist state appropriately,State at lowest common ancestor,State at appropriate level,State too high or too low,State in parent passed down,State scattered everywhere,Medium,https://developer.android.com/jetpack/compose/state#state-hoisting
9,ViewModel,Use ViewModel for business logic,Separate UI and business logic,ViewModel for screen state,Logic in composables,val viewModel: MyViewModel = viewModel(),Business logic in @Composable,High,https://developer.android.com/jetpack/compose/libraries#viewmodel
10,ViewModel,Collect state as State,collectAsState for Flow to State,collectAsState for Flow,collect in LaunchedEffect,val uiState by viewModel.uiState.collectAsState(),viewModel.uiState.collect { },High,
11,ViewModel,Use StateFlow for UI state,StateFlow for observable state,StateFlow in ViewModel,LiveData for new code,private val _uiState = MutableStateFlow() val uiState: StateFlow,LiveData for Compose UI,Medium,
12,Layout,Use Column Row Box,Standard layout composables,Built-in layouts for arrangement,ConstraintLayout for simple layouts,Column { Text() Image() },ConstraintLayout for vertical list,Medium,https://developer.android.com/jetpack/compose/layouts/basics
13,Layout,Use LazyColumn LazyRow,Virtualized scrolling lists,Lazy layouts for long lists,Column with scrolling for 50+ items,LazyColumn { items(largeList) },Column(Modifier.verticalScroll()) for large lists,High,https://developer.android.com/jetpack/compose/lists
14,Layout,Use Scaffold for screen structure,Material Design screen layout,Scaffold for top bar bottom bar,Manual layout for standard screens,Scaffold(topBar = { }) { },Column { TopBar() Content() },Low,https://developer.android.com/jetpack/compose/layouts/material
15,Layout,Use Modifier.fillMaxWidth intelligently,Responsive sizing,fillMaxWidth for full-width components,Hard-coded widths,.fillMaxWidth(),.width(360.dp),Medium,
16,Modifiers,Chain modifiers correctly,Order matters for modifiers,Padding before background,Background before padding,.padding(16.dp).background(Color.Red),.background(Color.Red).padding(16.dp),High,https://developer.android.com/jetpack/compose/modifiers
17,Modifiers,Reuse modifier chains,Extract common modifier patterns,Create modifier extensions,Duplicate modifier chains,Modifier.myCardStyle(),Same modifiers repeated everywhere,Low,
18,Modifiers,Use size modifiers appropriately,fillMaxSize fillMaxWidth size,Appropriate size modifiers,Fixed sizes for responsive layouts,.size(48.dp) for icons,.width(360.dp) for cards,Medium,
19,Navigation,Use Compose Navigation,Type-safe navigation library,Navigation Compose for routing,Manual fragment navigation,NavHost { composable(route) },FragmentManager for Compose,Medium,https://developer.android.com/jetpack/compose/navigation
20,Navigation,Define type-safe routes,Sealed class or object routes,Sealed class for route definitions,String literals everywhere,sealed class Screen(val route: String),"navigate(""home/{id}"")",Medium,
21,Navigation,Pass data via route arguments,Use navigation arguments,NavType for typed arguments,Global variables for data,composable(arguments = listOf(navArgument)),ViewModel with mutable state,Medium,
22,Material,Use Material 3 components,Modern Material Design,Material3 components,Material2 for new projects,androidx.compose.material3.Button,androidx.compose.material.Button,Low,https://developer.android.com/jetpack/compose/designsystems/material3
23,Material,Use MaterialTheme,Theming with MaterialTheme,MaterialTheme for colors typography,Hard-coded colors and fonts,MaterialTheme { },Color(0xFF6200EE) everywhere,Medium,https://developer.android.com/jetpack/compose/designsystems/material3
24,Material,Support dynamic colors,Material You dynamic theming,dynamicColorScheme for Android 12+,Static colors only,dynamicLightColorScheme(context),Fixed color scheme,Low,
25,Side Effects,Use LaunchedEffect correctly,Run suspend functions in composable,LaunchedEffect for coroutines,Unmanaged coroutines,LaunchedEffect(key) { },GlobalScope.launch in composable,High,https://developer.android.com/jetpack/compose/side-effects#launchedeffect
26,Side Effects,Use DisposableEffect for cleanup,Register and unregister listeners,DisposableEffect for lifecycle,No cleanup for listeners,DisposableEffect(key) { onDispose { } },No cleanup in composable,High,
27,Side Effects,Use rememberCoroutineScope,Launch coroutines from events,rememberCoroutineScope for event handlers,LaunchedEffect for button clicks,val scope = rememberCoroutineScope(),LaunchedEffect in onClick,Medium,
28,Side Effects,Choose correct effect,Each effect has specific use case,Right effect for the situation,LaunchedEffect for everything,"LaunchedEffect, DisposableEffect, SideEffect",LaunchedEffect for all side effects,Medium,
29,Performance,Avoid unnecessary recomposition,Minimize recomposition scope,Stable types and remember,Unstable parameters,remember derivedStateOf,Lambdas recreated every frame,High,https://developer.android.com/jetpack/compose/performance
30,Performance,Use key in lists,Stable item identity,key lambda in items,Index as implicit key,items(items key = { it.id }),items(items) without key,High,
31,Performance,Use @Stable and @Immutable,Mark stable types,@Immutable for data classes,Mutable data in state,@Immutable data class User,data class User(var name),Medium,
32,Performance,Read state in correct scope,Read state where needed,Read state in lambda,Read state in parent,Text(text = viewModel.text.collectAsState().value),val text outside composable,Medium,
33,Lists,Use items with key,Unique keys for list items,key parameter for stability,No key for dynamic lists,items(items key = { it.id }) { },items(items) { },High,
34,Lists,Use contentPadding in LazyColumn,Padding for scrollable content,contentPadding for inner padding,Padding on LazyColumn,LazyColumn(contentPadding = PaddingValues(16.dp)),LazyColumn(Modifier.padding(16.dp)),Medium,
35,Lists,Handle empty states,Show empty state UI,Conditional UI for empty lists,Blank screen for empty data,if (items.isEmpty()) EmptyView(),No empty state handling,Medium,
36,Images,Use Coil or Glide,Async image loading libraries,Coil for image loading,Manual image fetching,AsyncImage(model = url),Bitmap loading in composable,Medium,https://coil-kt.github.io/coil/compose/
37,Images,Specify contentScale,Control image scaling,contentScale parameter,Stretched images,contentScale = ContentScale.Crop,No contentScale specified,Low,
38,Images,Use placeholder and error,Loading and error states,placeholder and error composables,No loading indicator,placeholder { CircularProgressIndicator() },No placeholder,Medium,
39,Theming,Create custom theme,App-specific theme system,Custom MaterialTheme wrapper,Material colors directly,MyAppTheme { } wrapping MaterialTheme,MaterialTheme with inline colors,Medium,
40,Theming,Use Color Shape Typography,Theme components,Define custom color schemes,Hard-coded design tokens,lightColorScheme(primary = ),Color.Blue everywhere,Medium,
41,Theming,Support dark mode,Light and dark themes,isSystemInDarkTheme for theme switching,Light theme only,if (isSystemInDarkTheme()) darkColors else lightColors,Light theme hardcoded,High,
42,Animation,Use animateAsState,Simple value animations,animate*AsState for simple animations,Manual animation logic,val alpha by animateFloatAsState(if (visible) 1f else 0f),Manual alpha calculation,Low,https://developer.android.com/jetpack/compose/animation
43,Animation,Use AnimatedVisibility,Enter and exit animations,AnimatedVisibility for show/hide,Conditional with no animation,AnimatedVisibility(visible) { },if (visible) { },Low,
44,Animation,Use updateTransition,Complex multi-value animations,Transition for coordinated animations,Multiple animateAsState,val transition = updateTransition(),Separate animations without coordination,Medium,
45,Gestures,Use Modifier.clickable,Standard click handling,clickable for click events,Manual pointer input for clicks,Modifier.clickable { },Modifier.pointerInput for simple clicks,Low,
46,Gestures,Use Modifier.pointerInput,Custom gesture detection,pointerInput for complex gestures,clickable for drag/swipe,Modifier.pointerInput { detectDragGestures },clickable for swipe,Medium,https://developer.android.com/jetpack/compose/touch-input/pointer-input
47,Gestures,Provide haptic feedback,Tactile response for actions,performHapticFeedback,No feedback on important actions,LocalHapticFeedback.current.performHapticFeedback(),No haptic feedback,Low,
48,Accessibility,Add contentDescription,Describe images and icons,contentDescription for semantics,Missing content descriptions,Icon(contentDescription = "Menu"),Icon without contentDescription,High,https://developer.android.com/jetpack/compose/accessibility
49,Accessibility,Use semantics modifiers,Semantic information for TalkBack,Modifier.semantics for accessibility,No semantic information,Modifier.semantics { contentDescription = },No semantics properties,High,
50,Accessibility,Support text scaling,Respect user font size,sp for text sizes,dp for text sizes,fontSize = 16.sp,fontSize = 16.dp,High,
51,Accessibility,Ensure touch targets,Minimum 48dp touch targets,Use minimumInteractiveComponentSize,Small touch areas,Modifier.size(48.dp),Modifier.size(24.dp) for buttons,Medium,
52,Testing,Use Compose Testing,Official testing library,createComposeRule for UI tests,Manual testing only,composeTestRule.setContent { },No automated tests,Medium,https://developer.android.com/jetpack/compose/testing
53,Testing,Use semantic matchers,Find elements by semantics,onNodeWithText onNodeWithContentDescription,Find by implementation details,onNodeWithText("Login"),onNode(hasClickAction()),Medium,
54,Testing,Test state changes,Verify UI updates,Assert after state change,Only test initial state,composeTestRule.onNodeWithText().assertExists(),No state change tests,Medium,
55,Resources,Use string resources,Externalize strings,stringResource for text,Hard-coded strings,Text(stringResource(R.string.title)),Text("Title"),Medium,https://developer.android.com/jetpack/compose/resources
56,Resources,Use dimension resources,Externalize dimensions,dimensionResource for spacing,Magic numbers,.padding(dimensionResource(R.dimen.padding)),.padding(16.dp),Low,
57,Interop,Use AndroidView for Views,Embed Android Views,AndroidView for legacy views,Rewrite everything immediately,AndroidView { context -> TextView(context) },Force migrate all at once,Medium,https://developer.android.com/jetpack/compose/migrate/interoperability-apis/views-in-compose
58,Interop,Use ComposeView in XML,Embed Compose in Views,ComposeView for incremental migration,All-or-nothing migration,<androidx.compose.ui.platform.ComposeView>,Rewrite entire app at once,Medium,
59,Architecture,Use unidirectional data flow,Events up state down,ViewModel emits state receives events,Bidirectional data binding,onClick = { viewModel.onEvent() },viewModel.mutableState in UI,High,
60,Architecture,Handle configuration changes,Survive rotation and process death,ViewModel for state survival,Activity state for critical data,ViewModel holds UI state,Activity variables for state,High,
61,Coroutines,Use structured concurrency,Proper coroutine lifecycle,viewModelScope for ViewModel,GlobalScope for ViewModel work,viewModelScope.launch { },GlobalScope.launch { },High,https://developer.android.com/kotlin/coroutines
62,Coroutines,Handle errors in coroutines,Try-catch in coroutines,Error handling in coroutines,Unhandled exceptions,try { } catch (e: Exception) { },No error handling in launch,High,
